lat,lon,min_lat,min_lon,max_lat,max_lon,velocity
0.519548517149736,0.6531615880715727,0.4335331739608035,0.5671462448826401,0.6055638603386686,0.7391769312605052,0.25
0.18129005928930014,0.41509560881591534,0.09416049688230485,0.32796604640892,0.2684196216962954,0.5022251712229107,0.25
0.04397008177683004,0.17761930544793267,-0.04082392634507839,0.09282529732602424,0.12876408989873847,0.2624133135698411,0.25
0.059072497144635444,0.017262850322310924,-0.02917323076430814,-0.07098287758663266,0.14731822505357903,0.10550857823125451,0.25
0.16771358595666436,0.8239310369979249,0.08118760745506277,0.7374050584963233,0.25423956445826595,0.9104570154995265,0.25
0.20540103584484745,0.5447107463205236,0.1224463039513851,0.46175601442706127,0.2883557677383098,0.627665478213986,0.25
0.36899155679727136,0.5576742067627156,0.27992925202417185,0.4686119019896161,0.45805386157037087,0.6467365115358151,0.25
0.7553837081325934,0.7520540696070164,0.6648645691748956,0.6615349306493186,0.8459028470902912,0.8425732085647142,0.25
0.36304455942641045,0.34028775758697427,0.27232925872499014,0.249572456885554,0.45375986012783076,0.4310030582883946,0.25
0.760847818185305,0.9167461262528136,0.6758370465510606,0.8317353546185692,0.8458585898195494,1.001756897887058,0.25
0.9650003556040911,0.02548372233337845,0.876365669341832,-0.06315096392888067,1.0536350418663503,0.11411840859563757,0.25
0.5171493956814412,0.06188085234146601,0.43455755749390756,-0.020710985846067703,0.5997412338689749,0.14447269052899972,0.25
0.3635311064855472,0.24357590706353735,0.27454440374510036,0.15458920432309053,0.45251780922599405,0.33256260980398417,0.25
0.4464557578953917,0.9438108537646847,0.35693574692582847,0.8542908427951214,0.535975768864955,1.0333308647342478,0.25
0.31269528076284553,0.5252927971512626,0.22426198098788433,0.4368594973763015,0.40112858053780676,0.6137260969262238,0.25
0.5344167404470421,0.1365578906841591,0.4448141579434708,0.046955308180587754,0.6240193229506135,0.22616047318773047,0.25
0.126745748913371,0.663617983073516,0.041350287249896964,0.578222521410042,0.21214121057684504,0.74901344473699,0.25
0.01577944612579929,0.633164555354975,-0.07282965801011158,0.5445554512190641,0.10438855026171016,0.7217736594908858,0.25
0.051913398369355906,0.014643389662867407,-0.033782705948010555,-0.07105271465449906,0.13760950268672237,0.10033949398023387,0.25
0.8419130582485919,0.8530168503264741,0.752467423194646,0.7635712152725282,0.9313586933025377,0.94246248538042,0.25
0.4527803254588291,0.32305928696994,0.35969443747087626,0.22997339898198715,0.545866213446782,0.4161451749578929,0.25
0.35407013968082784,0.27313315242516245,0.26926170659233317,0.1883247193366678,0.4388785727693225,0.35794158551365707,0.25
0.45455142927185666,0.008164927498881092,0.36863263348433,-0.07775386828864556,0.5404702250593834,0.09408372328640774,0.25
0.9761984399620447,0.3441285106872659,0.8830183994867127,0.25094847021193395,1.0693784804373767,0.43730855116259787,0.25
0.5377360019926707,0.007822470889926963,0.4543065940959732,-0.07560693700677051,0.6211654098893682,0.09125187878662444,0.25
0.07048188706700306,0.4433340517365138,-0.014150390838765403,0.3587017738307453,0.15511416497277153,0.5279663296422823,0.25
0.19878339409442727,0.06754531061262897,0.11032179615815219,-0.020916287323646116,0.28724499203070236,0.15600690854890406,0.25
0.7355981510751796,0.11199373155072907,0.647535576493363,0.023931156968912487,0.8236607256569961,0.20005630613254566,0.25
0.5793792299221836,0.621374655900846,0.4881717927414268,0.5301672187200891,0.6705866671029405,0.7125820930816028,0.25
0.8812553417858437,0.0004612800239484349,0.7911393731451113,-0.08965468861678402,0.9713713104265762,0.09057724866468089,0.25
0.11172715279726303,0.41499515161286726,0.027342103846545104,0.33061010266214935,0.19611220174798094,0.4993802005635852,0.25
0.8642643358796979,0.1948008521569037,0.7802983274735071,0.110834843750713,0.9482303442858886,0.2787668605630944,0.25
0.10156158438309976,0.19069832258391167,0.01061621181161787,0.09975295001242979,0.19250695695458164,0.28164369515539356,0.25
0.7968055920688915,0.48153764794595977,0.7082675566826916,0.39299961255975996,0.8853436274550913,0.5700756833321596,0.25
0.46072517303190685,0.4773455253707784,0.37722175368269006,0.3938421060215616,0.5442285923811236,0.5608489447199951,0.25
0.494837498387109,0.41071987916333474,0.4048102430125523,0.32069262378877805,0.5848647537616657,0.5007471345378914,0.25
0.47119139653471726,0.05445511497622696,0.386437883586247,-0.03029839797224329,0.5559449094831875,0.1392086279246972,0.25
0.25052417388105874,0.6219350158838043,0.16232025584160198,0.5337310978443475,0.3387280919205155,0.7101389339232611,0.25
0.7665350440361609,0.10731600929009813,0.6766572579646627,0.017438223218599946,0.8564128301076591,0.1971937953615963,0.25
0.6709307548071471,0.6059987212326876,0.5846882285782522,0.5197561950037927,0.7571732810360421,0.6922412474615826,0.25
0.09871216265439281,0.4790603933219431,0.007202706668352432,0.38755093733590273,0.1902216186404332,0.5705698493079835,0.25
0.9156045128623361,0.08925513505363332,0.8268361980699699,0.00048682026126707634,1.0043728276547024,0.17802344984599955,0.25
0.8427722948666042,0.13611881589946184,0.7560255296454622,0.04937205067831989,0.9295190600877462,0.22286558112060378,0.25
0.11619244905030823,0.6534923275915625,0.0309872320903012,0.5682871106315555,0.20139766601031528,0.7386975445515696,0.25
0.31440978350661736,0.33154588748184627,0.22278467082844705,0.23992077480367596,0.40603489618478766,0.4231710001600166,0.25
0.3051386193582942,0.4861964014343707,0.2200751440155302,0.40113292609160667,0.39020209470105827,0.5712598767771347,0.25
0.5827661220654783,0.4538921077205135,0.49444191072022237,0.3655678963752576,0.6710903334107342,0.5422163190657695,0.25
0.4275391801685866,0.20364096279554164,0.3369251682287666,0.11302695085572165,0.5181531921084066,0.29425497473536166,0.25
0.022507935739227325,0.1915948178908653,-0.06846164243420613,0.10062523971743184,0.11347751391266078,0.28256439606429873,0.25
0.561389115056668,0.029300160951952092,0.4751267025579341,-0.05696225154678179,0.6476515275554019,0.11556257345068598,0.25
0.2329514272802656,0.37076596691992036,0.14518509083707823,0.282999630476733,0.32071776372345295,0.45853230336310774,0.25
0.6999862430424296,0.6485529490590036,0.6105920516033077,0.5591587576198817,0.7893804344815516,0.7379471404981256,0.25
0.2267557969948643,0.4649348233100717,0.13700336335310137,0.37518238966830875,0.31650823063662725,0.5546872569518346,0.25
0.5406909531686295,0.8393862700042668,0.45254972767250107,0.7512450445081384,0.6288321786647578,0.9275274955003951,0.25
0.18920642215772643,0.6873786840490721,0.09937084971455436,0.5975431116059,0.2790419946008985,0.7772142564922442,0.25
0.0937659139305021,0.2805626334494953,0.00504023120403195,0.19183695072302515,0.18249159665697223,0.3692883161759654,0.25
0.05500715976551615,0.22030782879250682,-0.03474758817872792,0.13055308084826275,0.14476190770976022,0.31006257673675086,0.25
0.5750763790608,0.085216673541382,0.4882177180979232,-0.0016419874214948088,0.6619350400236768,0.17207533450425883,0.25
0.43500093205283114,0.07799060403045695,0.34956106116355645,-0.0074492668588177074,0.5204408029421058,0.16343047491973162,0.25
0.6790146482633135,0.6518096912162277,0.5906229775973674,0.5634180205502816,0.7674063189292596,0.7402013618821738,0.25
0.2447243999109836,0.18362425801520507,0.15987362494690344,0.0987734830511249,0.32957517487506377,0.2684750329792852,0.25
0.07729077818675004,0.07022559304949996,-0.010152153235077843,-0.017217338372327917,0.16473370960857792,0.15766852447132784,0.25
0.40358402299336255,0.6224022648082941,0.314500926970967,0.5333191687858985,0.4926671190157581,0.7114853608306897,0.25
0.4483331807453006,0.4317741027840609,0.35913192675086747,0.3425728487896278,0.5375344347397337,0.520975356778494,0.25
0.5657239260072587,0.13656188560025453,0.4800820453494109,0.05092000494240667,0.6513658066651066,0.2222037662581024,0.25
0.8183667897201152,0.4368526918999589,0.7300629351821285,0.3485488373619722,0.906670644258102,0.5251565464379456,0.25
0.29501396973639527,0.5866818912963778,0.20360217797104932,0.49527009953103185,0.38642576150174124,0.6780936830617238,0.25
0.8405879004340784,0.17544261165810812,0.7531419069375717,0.0879966181616014,0.9280338939305851,0.2628886051546149,0.25
0.25298594735967533,0.806621910481401,0.16742035248838055,0.7210563156101062,0.3385515422309701,0.8921875053526958,0.25
0.0766668654450432,0.10940221320795403,-0.005994971509401925,0.026740376253508905,0.15932870239948832,0.19206405016239914,0.25
0.6634651098673205,0.8678694465113779,0.57041223952271,0.7748165761667674,0.7565179802119311,0.9609223168559884,0.25
0.7192490603675576,0.41836536215154496,0.634986426901564,0.3341027286855514,0.8035116938335513,0.5026279956175386,0.25
0.10808049324619765,0.3917044109846458,0.021922230794012246,0.3055461485324604,0.19423875569838306,0.4778626734368312,0.25
0.5034598990463834,0.3498690841182499,0.4168274506383054,0.26323663571017186,0.5900923474544615,0.43650153252632795,0.25
0.2791379408777915,0.17810231750289432,0.19245067675505279,0.09141505338015561,0.3658252050005302,0.26478958162563304,0.25
0.28677949353493537,0.011337217984002307,0.196766252827534,-0.07867602272339907,0.3767927342423367,0.10135045869140369,0.25
0.8223114280690823,0.46930652188261873,0.736055701268546,0.3830507950820824,0.9085671548696186,0.5555622486831551,0.25
0.7797278042479954,0.8799046024974421,0.6958137381662248,0.7959905364156715,0.8636418703297659,0.9638186685792126,0.25
0.38941265282776993,0.16456364209547478,0.2967053510576927,0.07185634032539752,0.4821199545978472,0.25727094386555205,0.25
0.9250482117600105,0.3861801797974933,0.8364895454988869,0.2976215135363697,1.013606878021134,0.47473884605861694,0.25
0.210654406772197,0.43330132740029753,0.12381490023663297,0.34646182086473354,0.297493913307761,0.5201408339358615,0.25
0.6498790211912557,0.342381370794093,0.5603450594028133,0.2528474090056505,0.7394129829796982,0.43191533258253545,0.25
0.4634506298013735,0.1273505821629879,0.37566678483904153,0.039566737200655885,0.5512344747637056,0.21513442712531988,0.25
0.4186244950201357,0.5690310093608655,0.3259670933104593,0.4763736076511891,0.5112818967298121,0.6616884110705419,0.25
0.8403124494201323,0.7325453215537371,0.7520660016112062,0.644298873744811,0.9285588972290584,0.8207917693626632,0.25
0.17745260468491234,0.30968752879920053,0.08645071936575002,0.21868564348003822,0.2684544900040746,0.40068941411836284,0.25
0.26713581583144647,0.14848086923895093,0.18272013960037575,0.06406519300788022,0.3515514920625172,0.23289654547002164,0.25
0.7550521083046436,0.5658562714815094,0.6634060872884435,0.4742102504653093,0.8466981293208438,0.6575022924977095,0.25
0.6271178466851586,0.9471022790597653,0.5421096657218172,0.8620940980964239,0.7121260276485,1.0321104600231068,0.25
0.6359879184290813,0.2048964824250554,0.5535702984308213,0.12247886242679543,0.7184055384273413,0.28731410242331534,0.25
0.14132711543679305,0.22126009287530357,0.0539961988066963,0.13392917624520684,0.22865803206688978,0.3085910095054003,0.25
0.793289743497616,0.10149825717235525,0.7048079339853128,0.013016447660051972,0.8817715530099193,0.18998006668465853,0.25
0.410270152782731,0.5772935856343159,0.3192554446031869,0.48627887745477183,0.5012848609622751,0.6683082938138599,0.25
0.49642087864584694,0.0959189496623816,0.4075233921761272,0.0070214631926618365,0.5853183651155667,0.18481643613210136,0.25
0.8031356199539703,0.33867231489254723,0.7195057183859191,0.255042413324496,0.8867655215220215,0.42230221646059846,0.25
0.13245018772812908,0.4101912765055794,0.044566809532149004,0.3223078983095993,0.22033356592410916,0.4980746547015595,0.25
0.6124616210698597,0.03074832747572412,0.530794555135381,-0.050918738458754526,0.6941286870043384,0.11241539341020276,0.25
0.2693825846770228,0.10820101168100718,0.1810961705760145,0.01991459757999886,0.35766899877803116,0.1964874257820155,0.25
0.08881656185338918,0.45162707410954744,-0.002711410325875352,0.36009910193028294,0.1803445340326537,0.543155046288812,0.25
0.25570008629291646,0.04883283384619522,0.16726442971196936,-0.039602822734751894,0.34413574287386356,0.13726849042714234,0.25
0.8240703311196114,0.18133523387211337,0.7368359584409643,0.09410086119346625,0.9113047037982585,0.26856960655076045,0.25
0.37622352676222803,0.2959121068919637,0.29226700132229955,0.2119555814520352,0.4601800522021565,0.37986863233189216,0.25
0.9081694423343742,0.22595271394254016,0.8187116334662171,0.136494905074383,0.9976272512025314,0.3154105228106973,0.25
0.5768421902313646,0.27008303463751204,0.4890028616379797,0.1822437060441271,0.6646815188247496,0.357922363230897,0.25
0.29896658333394666,0.4191765410348972,0.2082725051480691,0.32848246284901966,0.3896606615198242,0.5098706192207747,0.25
0.467903671315591,0.6313835742073052,0.3787935002544921,0.5422734031462062,0.5570138423766899,0.7204937452684042,0.25
0.5154727310994844,0.4886596725628152,0.4291067839523775,0.40229372541570824,0.6018386782465914,0.5750256197099222,0.25
0.1352099171293394,0.02465136912139168,0.04930323140166197,-0.06125531660628576,0.22111660285701684,0.11055805484906912,0.25
0.11038746489582313,0.44140364130894094,0.02311245208211951,0.3541286284952373,0.19766247770952675,0.5286786541226446,0.25
0.8027510147671304,0.40622608050578024,0.7122111606458661,0.31568622638451593,0.8932908688883947,0.49676593462704455,0.25
0.029283950666314396,0.01870439848048666,-0.05841375869781795,-0.06899331088364569,0.11698166003044674,0.10640210784461901,0.25
0.42213331949409927,0.4297937867385309,0.33934323136904077,0.34700369861347247,0.5049234076191578,0.5125838748635894,0.25
0.2074878241453942,0.5449673605263977,0.11643381967724739,0.4539133560582509,0.29854182861354106,0.6360213649945445,0.25
0.5136636633694212,0.7572885732048165,0.428756128711957,0.6723810385473523,0.5985711980268853,0.8421961078622806,0.25
0.3565450769203444,0.47454738099800997,0.27143513952050236,0.38943744359816795,0.4416550143201864,0.559657318397852,0.25
0.21945779307467153,0.6148655501645246,0.13489931876941003,0.5303070758592631,0.30401626737993304,0.6994240244697861,0.25
0.5012818295999673,0.16563291391329182,0.41477905857832337,0.07913014289164794,0.5877846006216112,0.2521356849349357,0.25
0.9545599965633057,0.25979193403834,0.8642991249927773,0.16953106246781158,1.0448208681338342,0.3500528056088684,0.25
0.8149817354298814,0.42682756427959545,0.7318737061409241,0.3437195349906381,0.8980897647188387,0.5099355935685528,0.25
0.5636601671640555,0.6930443286900032,0.4752109099020036,0.6045950714279512,0.6521094244261075,0.7814935859520552,0.25
0.30164252057200164,0.3016279891353688,0.2122238654447318,0.21220933400809897,0.39106117569927146,0.3910466442626387,0.25
0.7442540911095136,0.2476356632700543,0.653846932093734,0.1572285042542747,0.8346612501252931,0.3380428222858339,0.25
0.43177771922170266,0.029075327660368994,0.3489320560702065,-0.05377033549112718,0.5146233823731988,0.11192099081186517,0.25
0.6445848155317951,0.22589443488463157,0.5584964501770455,0.139806069529882,0.7306731808865448,0.31198280023938113,0.25
0.5676232977159796,0.4590966321315967,0.48055045616691555,0.3720237905825326,0.6546961392650437,0.5461694736806607,0.25
0.6555425253428228,0.2152739793647779,0.5679877908203034,0.12771924484225855,0.7430972598653421,0.30282871388729726,0.25
0.1565473235616146,0.28844839075348283,0.06655386589743209,0.19845493308930032,0.24654078122579712,0.37844184841766537,0.25
0.6932007177815062,0.9319538104869239,0.6071501360010464,0.8459032287064642,0.7792512995619659,1.0180043922673838,0.25
0.6921128865045478,0.016683349218380605,0.6044155336448789,-0.07101400364128839,0.7798102393642168,0.1043807020780496,0.25
0.15953981474877474,0.4256283367055343,0.07659328638726924,0.3426818083440288,0.24248634311028022,0.5085748650670397,0.25
0.8084920911847828,0.18265955481592575,0.716480954472283,0.09064841810342594,0.9005032278972827,0.27467069152842555,0.25
0.6255930625741468,0.2453328195473604,0.5381043094437385,0.15784406641695214,0.7130818157045551,0.33282157267776863,0.25
0.14180444588355354,0.7604081212290239,0.056366905054594435,0.6749705804000647,0.22724198671251264,0.8458456620579831,0.25
0.7311982168019707,0.4552677859302281,0.6464263568827188,0.37049592601097614,0.8159700767212227,0.54003964584948,0.25
0.6879662032147124,0.20634086016991457,0.6057130432534558,0.124087700208658,0.770219363175969,0.28859402013117114,0.25
0.9919381674095713,0.5618374175651801,0.9053807500593227,0.47528000021493155,1.0784955847598199,0.6483948349154287,0.25
0.02992761158945556,0.30911833287821805,-0.05497899524883784,0.22421172603992465,0.11483421842774896,0.3940249397165114,0.25
0.2505890316097288,0.0024985201924070943,0.16017422119578412,-0.08791629022153757,0.34100384202367345,0.09291333060635176,0.25
0.14661814913825133,0.609357666330377,0.05815846556419946,0.5208979827563252,0.2350778327123032,0.6978173499044289,0.25
0.2831795716549059,0.10348191392466805,0.19720372338241138,0.017506065652173497,0.3691554199274005,0.1894577621971626,0.25
0.9601310420410695,0.5411215738933002,0.8740416326967111,0.4550321645489418,1.0462204513854279,0.6272109832376586,0.25
0.36081052001107794,0.6162920080025007,0.27221132600207437,0.5276928139934971,0.4494097140200815,0.7048912020115043,0.25
0.39950478985372206,0.5442165315877268,0.3117137345674385,0.4564254763014432,0.4872958451400056,0.6320075868740104,0.25
0.7947055917056263,0.17752623549553592,0.7060784092942471,0.08889905308415674,0.8833327741170054,0.2661534179069151,0.25
0.1616512583762728,0.9117204645934002,0.07279886595134827,0.8228680721684756,0.25050365080119735,1.0005728570183248,0.25
0.24102511033892926,0.31813347448977625,0.15185992885368996,0.22896829300453694,0.3301902918241686,0.4072986559750156,0.25
0.7060972672332892,0.252874966862527,0.6199204048009069,0.16669810443014468,0.7922741296656716,0.3390518292949093,0.25
0.49515009740716764,0.724954417654289,0.40646289790820966,0.636267218155331,0.5838372969061256,0.813641617153247,0.25
0.07753499159470745,0.9759960177256674,-0.00811660649225282,0.8903444196387071,0.16318658968166772,1.0616476158126276,0.25
0.6684245987775688,0.9029061212416911,0.5801262303452229,0.8146077528093453,0.7567229672099146,0.991204489674037,0.25
0.13795440784483204,0.4984925388241226,0.052099792589816396,0.41263792356910695,0.22380902309984768,0.5843471540791383,0.25
0.20325514809964818,0.6492537933465585,0.11586481771964266,0.561863462966553,0.2906454784796537,0.7366441237265641,0.25
0.8460620934091955,0.022355519167216564,0.7576867033572012,-0.06601987088477765,0.9344374834611897,0.11073090921921078,0.25
0.6776934108466611,0.23179171422574663,0.5926223888142632,0.1467206921933487,0.762764432879059,0.31686273625814454,0.25
0.12351506736908135,0.37371946027830305,0.03886008133909921,0.28906447424832094,0.2081700533990635,0.45837444630828517,0.25
0.9249104468795485,0.3943821880599926,0.8397538856488019,0.30922562682924604,1.010067008110295,0.47953874929073914,0.25
0.5847828363937109,0.6344475206888731,0.49376393879444835,0.5434286230896106,0.6758017339929734,0.7254664182881356,0.25
0.5409244941799867,0.3733231838618585,0.45043822465130245,0.28283691433317426,0.6314107637086709,0.4638094533905427,0.25
0.4354601510574601,0.7280574287324879,0.34884017650236016,0.641437454177388,0.52208012561256,0.8146774032875879,0.25
0.49642151288467984,0.7084678694248663,0.40664596454613766,0.6186923210863241,0.586197061223222,0.7982434177634085,0.25
0.8418482970521592,0.18621178483040277,0.7470540302215024,0.09141751799974596,0.9366425638828161,0.2810060516610596,0.25
0.7218705810210874,0.39148836198159287,0.6375580972484132,0.3071758782089187,0.8061830647937616,0.47580084575426707,0.25
0.39440818181566395,0.6866226715565775,0.3026459243724936,0.5948604141134072,0.4861704392588343,0.7783849289997479,0.25
0.4795185965671213,0.4813398726847002,0.3903811364678335,0.3922024125854124,0.5686560566664091,0.5704773327839879,0.25
0.8545014190219021,0.45371682412247205,0.7635688453636007,0.3627842504641706,0.9454339926802036,0.5446493977807735,0.25
0.7882046858466273,0.5274808524081507,0.6979130611678133,0.43718922772933666,0.8784963105254413,0.6177724770869647,0.25
0.7376235934970247,0.7202693637422617,0.6485786995174208,0.6312244697626578,0.8266684874766286,0.8093142577218656,0.25
0.39126612420040974,0.26534033055321343,0.30043565585313375,0.17450986220593745,0.4820965925476857,0.3561707989004894,0.25
0.12521470111524058,0.15299891228320153,0.03799327988114193,0.06577749104910288,0.21243612234933923,0.24022033351730018,0.25
0.4776228904843133,0.10950200324867806,0.39538688019065815,0.02726599295502291,0.5598589007779684,0.19173801354233322,0.25
0.7052473699842055,0.7817935212517964,0.6173425809996548,0.6938887322672457,0.7931521589687561,0.869698310236347,0.25
0.40061235169358955,0.6555966955234636,0.3118358945243021,0.5668202383541762,0.489388808862877,0.744373152692751,0.25
0.7178618031114635,0.7706303919066289,0.6336980477377429,0.6864666365329082,0.8020255584851842,0.8547941472803495,0.25
0.7908906293522603,0.25289384369431095,0.7028874758964442,0.16489069023849479,0.8788937828080764,0.3408969971501271,0.25
0.4470956920667886,0.22660658872326336,0.3583370228862277,0.13784791954270245,0.5358543612473495,0.3153652579038243,0.25
0.36977509099418737,0.24404180328393194,0.28207175689257535,0.15633846918231992,0.4574784250957994,0.33174513738554395,0.25
0.7905755924337493,0.757640661061838,0.7007937279539149,0.6678587965820035,0.8803574569135837,0.8474225255416725,0.25
0.9947747827291807,0.28267394924764044,0.9084118593884435,0.19631102590690322,1.0811377060699179,0.3690368725883777,0.25
0.3968771008131136,0.42992546353378913,0.30891567080143384,0.34196403352210936,0.4848385308247934,0.5178868935454689,0.25
0.631296709953338,0.4320129107557598,0.5440157277733559,0.3447319285757777,0.71857769213332,0.5192938929357419,0.25
0.21740235556213583,0.6972644416475497,0.12700146525116868,0.6068635513365825,0.307803245873103,0.787665331958517,0.25
0.8278370258081212,0.978864915676091,0.7386612413662483,0.8896891312342181,0.9170128102499941,1.068040700117964,0.25
0.799870998958402,0.3122682503646345,0.7119226189021369,0.22431987030836947,0.887819379014667,0.40021663042089956,0.25
0.25968244759622106,0.47427326193393426,0.1692213449062916,0.3838121592440048,0.3501435502861505,0.5647343646238637,0.25
0.8435920389780895,0.060113450998080464,0.7571304370520641,-0.026348150927945055,0.930053640904115,0.146575052924106,0.25
0.8719258464945775,0.5005623795743614,0.7811630305983718,0.4097995636781558,0.9626886623907832,0.5913251954705672,0.25
0.028011899360932402,0.20122344359748268,-0.05891766235970958,0.1142938818768407,0.11494146108157438,0.28815300531812466,0.25
0.9589388434272073,0.6321914604252561,0.8736201606917158,0.5468727776897646,1.0442575261626987,0.7175101431607476,0.25
0.8518223515490844,0.3366726297386264,0.7659267612425505,0.25077703943209256,0.9377179418556182,0.4225682200451602,0.25
0.42665747558449557,0.14118969131408393,0.33701450153344636,0.051546717263034725,0.5163004496355448,0.23083266536513314,0.25
0.7953706198051982,0.7174230195850915,0.7046443235717126,0.6266967233516059,0.8860969160386838,0.8081493158185771,0.25
0.42137074815449865,0.4238994566988394,0.33741310946892095,0.3399418180132617,0.5053283868400764,0.507857095384417,0.25
0.4911549727290773,0.3162795126229918,0.40636653664577854,0.23149107653969303,0.575943408812376,0.4010679487062906,0.25
0.6744686421140044,0.8938930968110607,0.5878492384251137,0.80727369312217,0.761088045802895,0.9805125004999513,0.25
0.7537798620327101,0.9343630348059969,0.6631613387276476,0.8437445115009343,0.8443983853377726,1.0249815581110595,0.25
0.9959133518834957,0.5902137899075148,0.9072740784162433,0.5015745164402624,1.0845526253507483,0.6788530633747673,0.25
0.8318094478069492,0.8510762042617445,0.7423661511663071,0.7616329076211024,0.9212527444475913,0.9405195009023866,0.25
0.8610709912970631,0.04973670685942344,0.7714639965131393,-0.03987028792450037,0.9506779860809869,0.13934370164334725,0.25
0.7624175121833275,0.4471786475375632,0.6765429320649841,0.3613040674192198,0.848292092301671,0.5330532276559067,0.25
0.32914431891662366,0.4846338385233322,0.24374478338162167,0.3992343029883302,0.41454385445162567,0.5700333740583342,0.25
0.05162144632819221,0.400831208418364,-0.032948955378936454,0.31626080671123535,0.13619184803532086,0.48540161012549266,0.25
0.7123579330123071,0.4933195168130513,0.6227343840143275,0.40369596781507167,0.8019814820102867,0.582943065811031,0.25
0.5509214334155608,0.11703809754251362,0.46580434676555466,0.0319210108925075,0.6360385200655669,0.20215518419251977,0.25
0.5917129831788079,0.16867475096421847,0.50508930700421,0.08205107478962052,0.6783366593534059,0.2552984271388164,0.25
0.689947923557572,0.24179104903740214,0.6010554404783819,0.15289856595821205,0.778840406636762,0.33068353211659224,0.25
0.8611372313014639,0.23549372189162976,0.7719872144321144,0.14634370502228022,0.9502872481708134,0.3246437387609793,0.25
0.23295958161476504,0.5040495580770172,0.14738544840239187,0.41847542486464406,0.3185337148271382,0.5896236912893904,0.25
0.6209305708380862,0.8037158414277761,0.5317252355325983,0.7145105061222882,0.7101359061435741,0.892921176733264,0.25
0.8872170652872607,0.4207692174891217,0.7981100160712642,0.3316621682731251,0.9763241145032573,0.5098762667051183,0.25
0.4664994789195129,0.18507428236929277,0.38096254594874523,0.09953734939852513,0.5520364118902805,0.2706112153400604,0.25
0.8703145964173205,0.5134228402668981,0.7791291333542982,0.4222373772038759,0.9615000594803427,0.6046083033299203,0.25
0.6089534044026064,0.4973833073547994,0.5198796159737702,0.40830951892596323,0.6980271928314425,0.5864570957836356,0.25
0.5177989493991764,0.6096339677328395,0.4311924189331701,0.5230274372668332,0.6044054798651827,0.6962404981988458,0.25
0.9453739370036691,0.10641890302507442,0.8549576276860035,0.016002593707408766,1.0357902463213349,0.1968352123427401,0.25
0.5136173856086304,0.6518707550484066,0.42789958541844014,0.5661529548582164,0.5993351857988206,0.7375885552385969,0.25
0.7185466845938175,0.23728715168475062,0.6317891777727402,0.15052964486367332,0.8053041914148948,0.3240446585058279,0.25
0.8262182925575288,0.5184769092583388,0.7386164395563374,0.4308750562571474,0.9138201455587202,0.6060787622595302,0.25
0.7561155171078806,0.12181378951878713,0.6682925240446952,0.03399079645560174,0.843938510171066,0.20963678258197252,0.25
0.33089159201001384,0.6910897912875589,0.24588637569130398,0.606084574968849,0.41589680832872367,0.7760950076062687,0.25
0.7031284563771287,0.09051465436738002,0.6175608067799143,0.004947004770165561,0.7886961059743431,0.17608230396459446,0.25
0.20926287233862162,0.2163389116489821,0.12177009087144774,0.12884613018180824,0.2967556538057955,0.303831693116156,0.25
0.8125843977499421,0.738913158012293,0.7240451642699173,0.6503739245322682,0.9011236312299669,0.8274523914923178,0.25
0.6118326688943381,0.8700399009156661,0.5214482671913832,0.7796554992127112,0.702217070597293,0.960424302618621,0.25
0.9269362314465547,0.2068453454585026,0.8425504365385044,0.12245955055045225,1.011322026354605,0.29123114036655295,0.25
0.15562246569961313,0.019845175804001525,0.06586912219220446,-0.06990816770340715,0.2453758092070218,0.1095985193114102,0.25
0.8596507733641452,0.3974925413750802,0.7729782283113763,0.3108199963223114,0.9463233184169141,0.48416508642784906,0.25
0.23011069678503315,0.22674152407249257,0.14329672807037586,0.13992755535783524,0.31692466549969045,0.3135554927871499,0.25
0.48584530917453234,0.18266441804825428,0.3999422256489986,0.09676133452272054,0.571748392700066,0.26856750157378806,0.25
0.7738793196273698,0.8383987518760344,0.6841342353421238,0.7486536675907884,0.8636244039126157,0.9281438361612804,0.25
0.18252810603400482,0.34282918520863276,0.0956607428412612,0.25596182201588913,0.26939546922674845,0.4296965484013764,0.25
0.4343665923024791,0.4482949451166214,0.3466918723751346,0.3606202251892769,0.5220413122298235,0.5359696650439658,0.25
0.6182921422793342,0.6019923314849993,0.5281846946576176,0.5118848838632828,0.7083995899010507,0.6920997791067158,0.25
0.6473727102113368,0.9060367462157519,0.5595718612305498,0.8182358972349649,0.7351735591921238,0.9938375951965389,0.25
0.35610493786619213,0.8568087331740516,0.2671991344454798,0.7679029297533393,0.44501074128690443,0.9457145365947639,0.25
0.7494056839605842,0.9831970183171455,0.6649903388059861,0.8987816731625474,0.8338210291151822,1.0676123634717434,0.25
0.4443257330026131,0.2610130315478418,0.3538808055572089,0.17056810410243764,0.5347706604480172,0.35145795899324594,0.25
0.351816710930834,0.682776707801944,0.26590124734568066,0.5968612442167907,0.43773217451598734,0.7686921713870973,0.25
0.7109436591586958,0.7344013843108961,0.6222808091930719,0.6457385343452722,0.7996065091243197,0.82306423427652,0.25
0.9008803779895639,0.0645956952953955,0.8115282110091526,-0.02475647168501577,0.9902325449699751,0.15394786227580676,0.25
0.8453446958924405,0.8260875605771426,0.7598249539572985,0.7405678186420006,0.9308644378275825,0.9116073025122846,0.25
0.21035618402975753,0.3038698699719351,0.1214106162060335,0.21492430214821107,0.29930175185348157,0.39281543779565914,0.25
0.4080309129280559,0.8298429703615072,0.31823573253759807,0.7400477899710494,0.4978260933185137,0.9196381507519651,0.25
0.6709971956934679,0.3378595344911807,0.5814540703188377,0.24831640911655048,0.7605403210680982,0.42740265986581094,0.25
0.7862935157887552,0.5155180351389648,0.6991732749072054,0.428397794257415,0.873413756670305,0.6026382760205146,0.25
0.31862753506769403,0.3892567694355599,0.23732491553168422,0.3079541498995501,0.39993015460370385,0.47055938897156974,0.25
0.4141414164017068,0.28258220819180746,0.32192749273989535,0.190368284529996,0.5063553400635182,0.37479613185361893,0.25
0.974456274190171,0.27514788823095454,0.8845578291944207,0.1852494432352043,1.0643547191859213,0.36504633322670477,0.25
0.8339857806380602,0.4011249616755033,0.7428349408458487,0.30997412188329176,0.9251366204302717,0.4922758014677149,0.25
0.7932303575225196,0.14601050796492587,0.7085648346864254,0.06134498512883173,0.8778958803586138,0.23067603080102,0.25
0.4413868022045528,0.2979851909653316,0.3519563746126075,0.2085547633733863,0.5308172297964981,0.3874156185572769,0.25
0.47643215547566153,0.494406913417704,0.3927535917048457,0.4107283496468882,0.5601107192464774,0.5780854771885198,0.25
0.8408599529584101,0.6421564598350789,0.7582676541629967,0.5595641610396654,0.9234522517538235,0.7247487586304923,0.25
0.2963032839107258,0.3487056617683686,0.214001266313822,0.2664036441714648,0.3786053015076296,0.4310076793652724,0.25
0.7251677924056756,0.11727303256481508,0.6395353683973413,0.031640608556480654,0.81080021641401,0.2029054565731495,0.25
0.18736029176015623,0.43695412667468625,0.10316048608932585,0.35275432100385584,0.27156009743098664,0.5211539323455167,0.25
0.7105702097389706,0.10666962255914952,0.621159051799415,0.017258464619594016,0.7999813676785261,0.19608078049870503,0.25
0.6717152514466094,0.9880368490904048,0.584645289992982,0.9009668876367775,0.7587852129002367,1.0751068105440322,0.25
0.8225625742885373,0.5651300422244737,0.7401093389289323,0.4826768068648687,0.9050158096481423,0.6475832775840787,0.25
0.7461867082164041,0.06306722218863592,0.656069528154537,-0.027049957873231167,0.8363038882782712,0.153184402250503,0.25
0.1741248026331288,0.1952068224417446,0.09046454486495026,0.11154656467356605,0.25778506040130733,0.2788670802099231,0.25
0.7808794101206641,0.2730677503100352,0.6917214150499312,0.18390975523930234,0.8700374051913969,0.3622257453807681,0.25
0.9785343260451721,0.40650298679089114,0.8916891939807962,0.3196578547265152,1.0653794581095481,0.4933481188552671,0.25
0.5451842353743841,0.3028180931311902,0.4554642204454386,0.2130980782022447,0.6349042503033295,0.39253810806013567,0.25
0.3764263349140422,0.45971757630551346,0.29239288892101306,0.3756841303124843,0.46045978090707135,0.5437510222985426,0.25
0.8225538728029915,0.37613784475597184,0.7348619447091114,0.28844591666209163,0.9102458008968717,0.46382977284985205,0.25
0.40121752263526633,0.5109723724137667,0.3144804428668704,0.42423529264537074,0.4879546024036623,0.5977094521821626,0.25
0.03457445559566241,0.7098777503366984,-0.0485699700452424,0.6267333246957936,0.11771888123656722,0.7930221759776033,0.25
0.7710730696020934,0.7622954882824962,0.6828979331385228,0.6741203518189255,0.8592482060656641,0.8504706247460668,0.25
0.44798437582781847,0.2433984789856075,0.3613511054110228,0.15676520856881182,0.5346176462446142,0.3300317494024032,0.25
0.8241571487532106,0.19604498800535486,0.738266021237609,0.11015386048975327,0.9100482762688121,0.28193611552095643,0.25
0.09210109088965976,0.49784064728387445,0.005421332895767725,0.4111608892899824,0.17878084888355178,0.5845204052777665,0.25
0.1276117457952936,0.8807949936788918,0.04211031127071024,0.7952935591543084,0.21311318031987697,0.9662964282034752,0.25
0.174971685361035,0.8896120453282257,0.08757323589278115,0.8022135958599719,0.26237013482928884,0.9770104947964795,0.25
0.8735017277467291,0.8293354628231331,0.7854298505933565,0.7412635856697605,0.9615736049001017,0.9174073399765057,0.25
0.6403601114866704,0.08770188001273094,0.5530794969943481,0.00042126552040865073,0.7276407259789927,0.1749824945050532,0.25
0.1071498362739629,0.9369834611987259,0.020209196818049502,0.8500428217428124,0.1940904757298763,1.0239241006546393,0.25
0.16750218865104538,0.6595705843094297,0.07886568652380539,0.5709340821821898,0.2561386907782854,0.7482070864366697,0.25
0.1349264381456036,0.4447571541536505,0.04667352651436432,0.35650424252241125,0.22317934977684287,0.5330100657848897,0.25
0.32262272139114206,0.5771751664828515,0.23532487650045286,0.4898773215921623,0.40992056628183127,0.6644730113735406,0.25
0.043722271914271915,0.6108768102069938,-0.043883614194682674,0.5232709240980392,0.1313281580232265,0.6984826963159484,0.25
0.31334595646204194,0.6971034776427343,0.2246831858198666,0.608440707000559,0.4020087271042173,0.7857662482849096,0.25
0.15629213946438916,0.34649587482385047,0.0632880392228595,0.2534917745823208,0.24929623970591883,0.43949997506538013,0.25
0.0807791818353486,0.9383615741195994,-0.011345687206851335,0.8462367050773995,0.17290405087754854,1.0304864431617993,0.25
0.18231219748263242,0.7580739443446041,0.09476539882266187,0.6705271456846336,0.26985899614260295,0.8456207430045746,0.25
0.656627136994727,0.7047485216885013,0.5738295184088874,0.6219509031026618,0.7394247555805665,0.7875461402743409,0.25
0.062180981106762456,0.655385416970115,-0.029480660405587528,0.563723775457765,0.15384262261911244,0.747047058482465,0.25
0.001924035693279369,0.8971728566219277,-0.08672335541863863,0.8085254655100097,0.09057142680519736,0.9858202477338457,0.25
0.3358821538220261,0.010131240194327762,0.2510809881119021,-0.07466992551579622,0.42068331953215005,0.09493240590445175,0.25
0.2713635690354916,0.34225729433335966,0.18016596140187877,0.2510596866997469,0.36256117666910437,0.43345490196697245,0.25
0.2796731310540223,0.8765363206701826,0.1858573548726889,0.7827205444888492,0.3734889072353557,0.970352096851516,0.25
0.9478882914726606,0.45095815123593946,0.8588853224257852,0.36195518218906403,1.036891260519536,0.5399611202828148,0.25
0.4053848213637558,0.37707183166468217,0.31517066558057505,0.28685767588150135,0.49559897714693657,0.467285987447863,0.25
0.6518576781869638,0.9649047798757127,0.5673938781393068,0.8804409798280556,0.7363214782346209,1.0493685799233698,0.25
0.330038726084045,0.3067118909723481,0.24017480994082546,0.21684797482912854,0.41990264222726453,0.3965758071155676,0.25
0.7271968719763113,0.04345671043558097,0.6379828293714398,-0.04575733216929062,0.8164109145811829,0.13267075304045256,0.25
0.39747481210358687,0.9630227501154442,0.3120254977800624,0.8775734357919197,0.48292412642711136,1.0484720644389687,0.25
0.09426903449721744,0.7141591028964198,0.008780277705432868,0.6286703461046352,0.179757791289002,0.7996478596882044,0.25
0.6994832744797876,0.978678947246016,0.6130927206150839,0.8922883933813123,0.7858738283444914,1.0650695011107199,0.25
0.33328699067082257,0.661852012241774,0.2413503136338621,0.5699153352048136,0.425223667707783,0.7537886892787344,0.25
0.8923048175627784,0.713892711894369,0.8056231676485143,0.6272110619801049,0.9789864674770424,0.8005743618086331,0.25
0.5192045226028464,0.5734225017643588,0.4305971108741681,0.48481509003568046,0.6078119343315248,0.6620299134930372,0.25
0.24837929478802745,0.9234845504298514,0.16188972209968616,0.8369949777415102,0.33486886747636874,1.0099741231181927,0.25
0.5878415542746405,0.7712550080216726,0.5034561472280252,0.6868696009750572,0.6722269613212557,0.8556404150682879,0.25
0.9618278255082802,0.6371262007186741,0.8746407402666935,0.5499391154770874,1.0490149107498667,0.7243132859602608,0.25
0.4625975346320514,0.724594223696354,0.3768174492609924,0.638814138325295,0.5483776200031103,0.8103743090674129,0.25
0.2944369677910758,0.7563740860187286,0.20772983914062135,0.6696669573682741,0.38114409644153024,0.8430812146691831,0.25
0.8026893981992983,0.3377069993304117,0.714255348438291,0.24927294956940432,0.8911234479603056,0.4261410490914191,0.25
0.20455574650860325,0.8279692148575528,0.1148806704176272,0.7382941387665768,0.29423082259957933,0.9176442909485288,0.25
0.011440204735497395,0.6049511839726648,-0.07637493612352114,0.5171360431136462,0.09925534559451593,0.6927663248316833,0.25
0.7327037879948726,0.5066462826188518,0.6437702222877423,0.41771271691172157,0.8216373537020029,0.5955798483259821,0.25
0.8229249922215753,0.9835767977730245,0.7362386841041889,0.8968904896556381,0.9096113003389618,1.070263105890411,0.25
0.5273549178061951,0.7916697074874142,0.4397502875766645,0.7040650772578836,0.6149595480357257,0.8792743377169447,0.25
0.3588177603241367,0.6096194642517616,0.272951951364903,0.5237536552925279,0.4446835692833704,0.6954852732109953,0.25
0.397998349188617,0.7628614135335106,0.31045591587377386,0.6753189802186674,0.4855407825034601,0.8504038468483537,0.25
0.27116090163322976,0.313774314619926,0.18486858944900078,0.22748200243569702,0.35745321381745876,0.40006662680415495,0.25
0.424132154451779,0.6790804924814992,0.33563867420044224,0.5905870122301624,0.5126256347031157,0.7675739727328359,0.25
0.5920151835639056,0.8079190586924674,0.5046039912288116,0.7205078663573734,0.6794263758989996,0.8953302510275614,0.25
0.861753660416253,0.5299514591869285,0.7804452349196628,0.44864303369033837,0.9430620859128432,0.6112598846835188,0.25
0.9838321858290018,0.8044685350232869,0.8950993363956881,0.715735685589973,1.0725650352623155,0.8932013844566007,0.25
0.47274456549192506,0.19784906071674224,0.38512991066781166,0.11023440589262885,0.5603592203160385,0.28546371554085564,0.25
0.11253259107599314,0.07171548377813108,0.026742236697113966,-0.014074870600748093,0.19832294545487233,0.15750583815701025,0.25
0.7432627960805896,0.7066100103249662,0.6561449357558815,0.619492150000258,0.8303806564052978,0.7937278706496743,0.25
0.7931811803907464,0.6054351179846971,0.7059776493656722,0.5182315869596229,0.8803847114158205,0.6926386490097712,0.25
0.601075761626973,0.2407616916339177,0.5151672537853248,0.1548531837922696,0.6869842694686211,0.3266701994755658,0.25
0.6621558625094786,0.07137911760776017,0.5714945803356437,-0.019282164566074678,0.7528171446833134,0.162040399781595,0.25
0.6762288863977338,0.11715986997608496,0.5868365172772059,0.027767500855557,0.7656212555182618,0.2065522390966129,0.25
0.4552525229751743,0.6371889233409151,0.36605118161992634,0.5479875819856671,0.5444538643304223,0.7263902646961632,0.25
0.08223808588215234,0.8173651565077269,-0.005165985159571437,0.7299610854660031,0.16964215692387613,0.9047692275494507,0.25
0.718118242035381,0.5088449804616981,0.6318134843350187,0.42254022276133585,0.8044229997357433,0.5951497381620604,0.25
0.18856393496023127,0.08482409545228475,0.10216602603434961,-0.001573813473596905,0.27496184388611294,0.17122200437816643,0.25
0.06397869883363755,0.7306324721162123,-0.023752883531611646,0.6429008897509632,0.15171028119888674,0.8183640544814614,0.25
0.389441854483347,0.9221387675209507,0.3040842052417194,0.8367811182793231,0.4747995037249746,1.0074964167625784,0.25
0.9562985419598872,0.02660170409397522,0.8673206845964039,-0.062376153269508086,1.0452763993233705,0.11557956145745853,0.25
0.4239172157592927,0.968573228195642,0.33787005803592235,0.8825260704722716,0.5099643734826631,1.0546203859190124,0.25
0.015721128614225865,0.41320315378732225,-0.07493530487982951,0.32254672029326686,0.10637756210828124,0.5038595872813776,0.25
0.7419381679182478,0.31760895957408886,0.6593011274335641,0.23497191908940512,0.8245752084029316,0.4002460000587726,0.25
0.30153225928381544,0.3439098032174446,0.2173974206910273,0.25977496462465643,0.3856670978766036,0.4280446418102327,0.25
0.03185681289705769,0.14024088978341587,-0.05452012777157905,0.053863949114779125,0.11823375356569443,0.2266178304520526,0.25
0.030175798281544625,0.9027563036628348,-0.05522512751805991,0.8173553778632302,0.11557672408114916,0.9881572294624393,0.25
0.4871114212788917,0.6295493122585736,0.40074009047540105,0.543177981455083,0.5734827520823823,0.7159206430620642,0.25
0.24305352092814303,0.32767354734653176,0.15659011777446602,0.24121014419285475,0.32951692408182004,0.41413695050020877,0.25
0.09952838236672298,0.9700776437108002,0.007835649978659306,0.8783849113227366,0.19122111475478665,1.061770376098864,0.25
0.48657068158820405,0.5323580848925732,0.39788335584846357,0.4436707591528327,0.5752580073279445,0.6210454106323137,0.25
0.0055920919389498835,0.9961018891010164,-0.08371527099511082,0.9067945261669557,0.09489945487301059,1.085409252035077,0.25
0.3272252209079842,0.3841890420740066,0.23901737101234985,0.29598119217837227,0.4154330708036186,0.47239689196964096,0.25
0.2676877929395237,0.987070588996792,0.178955696192776,0.8983384922500443,0.3564198896862715,1.0758026857435397,0.25
0.32978638569246427,0.4795083897871894,0.24014243742528726,0.38986444152001243,0.41943033395964124,0.5691523380543664,0.25
0.5151481201894559,0.35945538776937536,0.42940105441497967,0.27370832199489914,0.6008951859639321,0.4452024535438516,0.25
0.18218155324491983,0.44265309497515853,0.094588037593541,0.3550595793237797,0.26977506889629865,0.5302466106265373,0.25
0.21261987241959973,0.14779600172156804,0.12339408683762765,0.058570216139595954,0.3018456580015718,0.23702178730354012,0.25
0.4517248692268251,0.5752289177175051,0.3626492188518542,0.48615326734253417,0.540800519601796,0.664304568092476,0.25
0.8960433691572802,0.6258948088474308,0.811344022931125,0.5411954626212755,0.9807427153834355,0.710594155073586,0.25
0.4092810352893994,0.7655960130753727,0.3193348891196983,0.6756498669056716,0.4992271814591005,0.8555421592450738,0.25
0.2359077489155602,0.2558601807566757,0.14695679770249612,0.16690922954361162,0.3248587001286243,0.3448111319697398,0.25
0.24575241694607952,0.9284326741992308,0.1584435808941112,0.8411238381472624,0.33306125299804784,1.015741510251199,0.25
0.2172218302628946,0.1170575517537743,0.12977215289664124,0.029607874387520938,0.30467150762914796,0.20450722912002767,0.25
0.7580283120317322,0.8201324491582731,0.6680250351848632,0.7301291723114042,0.8480315888786011,0.910135726005142,0.25
0.2613199257535222,0.6999006032978949,0.1730481451337981,0.6116288226781709,0.3495917063732463,0.788172383917619,0.25
0.11296040912785374,0.8627079820117934,0.027223829421346227,0.7769714023052859,0.19869698883436127,0.9484445617183009,0.25
0.44881248578700844,0.7726399920979354,0.3601102095342114,0.6839377158451384,0.5375147620398054,0.8613422683507325,0.25
0.6572491611063422,0.8236171783524028,0.5750641612875832,0.7414321785336437,0.7394341609251013,0.9058021781711618,0.25
0.3764537816523739,0.7574579188314916,0.28987647581857184,0.6708806129976895,0.463031087486176,0.8440352246652937,0.25
0.9892266585859827,0.37594605859541463,0.9047310648674096,0.29145046487684156,1.0737222523045558,0.4604416523139877,0.25
0.6570571162051886,0.9609125036984771,0.565953352246027,0.8698087397393156,0.7481608801643501,1.0520162676576388,0.25
0.6852153558314882,0.7793604486350956,0.5996573593646072,0.6938024521682146,0.7707733522983692,0.8649184451019766,0.25
0.15345957109277125,0.8004129756028815,0.0610593787537512,0.7080127832638614,0.2458597634317913,0.8928131679419016,0.25
0.24861766817683653,0.9490192210313949,0.15995248555382827,0.8603540384083866,0.33728285079984477,1.0376844036544033,0.25
0.9402382500281743,0.5271300029004163,0.8488029292471541,0.4356946821193961,1.0316735708091946,0.6185653236814366,0.25
0.20786994731976002,0.9815425373768952,0.12089767918036787,0.894570269237503,0.2948422154591522,1.0685148055162874,0.25
0.15592837746376031,0.41167407949478174,0.06713491897555958,0.322880621006581,0.24472183595196106,0.5004675379829825,0.25
0.6713677873773725,0.9460300524023083,0.5813100030843531,0.855972268109289,0.7614255716703918,1.0360878366953277,0.25
0.8587431793648513,0.5608876094868498,0.7716599617487419,0.4738043918707403,0.9458263969809608,0.6479708271029593,0.25
0.14615781422054955,0.903952674469939,0.057108098398296434,0.8149029586476859,0.23520753004280265,0.9930023902921921,0.25
0.0246114523853615,0.448289985135346,-0.06004072619617026,0.3636378065538143,0.10926363096689326,0.5329421637168777,0.25
0.16763864393026676,0.25879380927088036,0.08383792484621787,0.17499309018683146,0.25143936301431563,0.34259452835492926,0.25
0.7894329545347958,0.28758418553962306,0.6988037629530861,0.19695499395791335,0.8800621461165055,0.37821337712133274,0.25
0.42787743520979626,0.6826074387305374,0.3402974269810576,0.5950274305017987,0.515457443438535,0.7701874469592761,0.25
0.5510208575922328,0.6542537581360262,0.45860008078113285,0.5618329813249262,0.6434416344033328,0.7466745349471261,0.25
0.6072214281365163,0.7052291755006656,0.5196194000059847,0.617627147370134,0.6948234562670478,0.7928312036311971,0.25
0.04233141543761465,0.9546808182713806,-0.04503974430946432,0.8673096585243016,0.12970257518469364,1.0420519780184596,0.25
0.5375530132656876,0.19937427801833718,0.446806220567657,0.10862748532030658,0.6282998059637181,0.2901210707163678,0.25
0.1152714112416991,0.18825018003568317,0.026267851000640136,0.09924661979462421,0.20427497148275806,0.2772537402767421,0.25
0.332226049051044,0.29199712939821354,0.24527346971031896,0.20504455005748848,0.4191786283917691,0.37894970873893863,0.25
0.854056098237529,0.4963216894029051,0.7712232802909631,0.41348887145633917,0.936888916184095,0.579154507349471,0.25
0.37111235253751307,0.48913311777929824,0.28376107717144233,0.4017818424132275,0.4584636279035838,0.5764843931453689,0.25
0.44255949778890713,0.5616885569229222,0.3553220916428378,0.47445115077685285,0.5297969039349765,0.6489259630689915,0.25
0.21929521007571134,0.4572105270207272,0.12725428091443472,0.3651695978594506,0.311336139236988,0.5492514561820038,0.25
0.5064729674756098,0.4959143732025074,0.4182119981827366,0.4076534039096342,0.594733936768483,0.5841753424953806,0.25
0.6273560865568863,0.20974907191845304,0.5404210763823389,0.12281406174390558,0.7142910967314338,0.2966840820930005,0.25
0.17523345470964652,0.3699335245988561,0.08826873847847334,0.2829688083676829,0.2621981709408197,0.4568982408300293,0.25
0.32381921604174446,0.642333595369682,0.23925520451872218,0.5577695838466598,0.40838322756476675,0.7268976068927043,0.25
0.415310236266041,0.3570670019454881,0.32635763416766117,0.2681143998471083,0.5042628383644209,0.446019604043868,0.25
0.14006621009530557,0.5734110108803636,0.059473933198178994,0.49281873398323706,0.22065848699243212,0.6540032877774902,0.25
0.5083113071833065,0.9715911138454543,0.41824538487055873,0.8815251915327065,0.5983772294960543,1.061657036158202,0.25
0.980426023974552,0.818730750000158,0.8928019862407411,0.7311067122663472,1.0680500617083628,0.9063547877339689,0.25
0.15365570088298663,0.623609007461424,0.06579217739618708,0.5357454839746244,0.24151922436978618,0.7114725309482236,0.25
0.4116073933035389,0.2148027959426202,0.32310667699240836,0.12630207963148968,0.5001081096146694,0.30330351225375074,0.25
0.23830068657571102,0.7413261361930613,0.15234642286984745,0.6553718724871977,0.3242549502815746,0.8272803998989249,0.25
0.7509817135939777,0.3550030965081534,0.6613899168872855,0.2654112998014613,0.8405735103006698,0.4445948932148456,0.25
0.2154929619193103,0.534083070891574,0.13137768059041846,0.4499677895626822,0.2996082432482021,0.6181983522204659,0.25
